P. Name,P. Mass Class,P. Habitable Class,P. Min Mass (EU),P. Density (EU),Min Mass,Min Mass 3,X
1SWASP J1407 b,Jovian,non-habitable,6358.8,4.86,1,12717.6,1
2M 0103-55(AB) b,Jovian,non-habitable,4133.22,2.79,1,8266.44,1
2M 0441+23 b,Jovian,non-habitable,2384.55,1.5,1,4769.1,1
2M 1207-39 b,Jovian,non-habitable,1271.76,0.8,1,2543.52,0
2M 1938+46 b,Jovian,non-habitable,604.09,0.43,0,1208.18,0
2M 2236+4751 b,Jovian,non-habitable,3974.25,2.66,1,7948.5,1
2MASS J1450-7841 Ab,Jovian,non-habitable,12717.6,13.73,1,25435.2,1
2MASS J1450-7841 Bb,Jovian,non-habitable,12717.6,13.73,1,25435.2,1
2MASS J2250+2325 b,Jovian,non-habitable,9538.2,8.73,1,19076.4,1
2MASS J11193254 AB b,Jovian,non-habitable,1176.38,0.75,1,2352.76,0
2M J2126-81 b,Jovian,non-habitable,4228.6,2.87,1,8457.2,1
4 Uma b,Jovian,non-habitable,2257.37,1.42,1,4514.74,1
7 CMa b,Jovian,non-habitable,782.13,0.52,0,1564.26,0
8 Umi b,Jovian,non-habitable,476.91,0.37,0,953.82,0
11 Com b,Jovian,non-habitable,6168.04,4.66,1,12336.08,1
11 Oph b,Jovian,non-habitable,6676.74,5.19,1,13353.48,1
11 UMi b,Jovian,non-habitable,3338.37,2.17,1,6676.74,1
14 And b,Jovian,non-habitable,1694.62,1.06,1,3389.24,1
14 Her b,Jovian,non-habitable,1475.24,0.93,1,2950.48,0
16 Cyg B b,Jovian,non-habitable,534.14,0.39,0,1068.28,0
18 Del b,Jovian,non-habitable,3274.78,2.12,1,6549.56,1
24 Boo b,Jovian,non-habitable,289.33,0.28,0,578.66,0
24 Sex b,Jovian,non-habitable,632.7,0.44,0,1265.4,0
24 Sex c,Jovian,non-habitable,273.43,0.27,0,546.86,0
30 Ari B b,Jovian,non-habitable,3141.25,2.03,1,6282.5,1
38 Vir b,Jovian,non-habitable,1433.91,0.9,1,2867.82,0
42 Dra b,Jovian,non-habitable,1233.61,0.78,1,2467.22,0
47 Uma b,Jovian,non-habitable,804.39,0.53,0,1608.78,0
47 Uma c,Jovian,non-habitable,171.69,0.23,0,343.38,0
47 Uma d,Jovian,non-habitable,521.42,0.39,0,1042.84,0
51 Eri b,Jovian,non-habitable,1928.45,1.51,1,3856.9,1
55 Cnc b,Jovian,non-habitable,267.07,0.27,0,534.14,0
55 Cnc c,Jovian,non-habitable,56.72,0.2,0,113.44,0
55 Cnc d,Jovian,non-habitable,1227.25,0.78,1,2454.5,0
55 Cnc f,Neptunian,non-habitable,47.02,0.2,0,94.04,0
61 Vir b,Superterran,non-habitable,5.09,1.1,0,10.18,0
61 Vir c,Neptunian,non-habitable,18.22,0.2,0,36.44,0
61 Vir d,Neptunian,non-habitable,22.89,0.2,0,45.78,0
70 Vir b,Jovian,non-habitable,2098.4,1.32,1,4196.8,1
75 Cet b,Jovian,non-habitable,953.82,0.62,0,1907.64,0
81 Cet b,Jovian,non-habitable,1685.08,1.06,1,3370.16,1
91 Aqr b,Jovian,non-habitable,1017.41,0.65,1,2034.82,0
AB Pic b,Jovian,non-habitable,4292.19,2.92,1,8584.38,1
Aldebaran b,Jovian,non-habitable,2057.07,1.29,1,4114.14,1
alf Ari b,Jovian,non-habitable,572.29,0.41,0,1144.58,0
alf Cen B b,Terran,non-habitable,1.14,0.89,0,2.28,0
AS 205 A b,Jovian,non-habitable,6120.35,4.61,1,12240.7,1
BD+03 2562 b,Jovian,non-habitable,2034.82,1.28,1,4069.64,1
BD+14 4559 b,Jovian,non-habitable,467.37,0.36,0,934.74,0
BD+15 2375 b,Jovian,non-habitable,337.02,0.3,0,674.04,0
BD+15 2940 b,Jovian,non-habitable,352.91,0.31,0,705.82,0
BD+20 274 c,Jovian,non-habitable,1335.35,0.84,1,2670.7,0
BD+20 594 b,Superterran,non-habitable,11.77,1.47,0,23.54,0
BD+20 1790 b,Jovian,non-habitable,2025.28,1.27,1,4050.56,1
BD+20 2457 b,Jovian,non-habitable,6810.27,5.34,1,13620.54,1
BD+20 2457 c,Jovian,non-habitable,3964.71,2.65,1,7929.42,1
BD+24 4697 b,Jovian,non-habitable,16850.82,21.97,1,33701.64,1
BD+26 1888 b,Jovian,non-habitable,8266.44,7.05,1,16532.88,1
BD+48 738 b,Jovian,non-habitable,289.33,0.28,0,578.66,0
BD+49 828 b,Jovian,non-habitable,508.7,0.38,0,1017.4,0
BD-06 1339 b,Superterran,non-habitable,8.58,1.23,0,17.16,0
BD-06 1339 c,Jovian,non-habitable,54.05,0.2,0,108.1,0
BD-06 1339 d,Neptunian,non-habitable,28.93,0.2,0,57.86,0
BD-08 2823 b,Neptunian,non-habitable,14.31,0.2,0,28.62,0
BD-08 2823 c,Jovian,non-habitable,104.92,0.21,0,209.84,0
BD-10 3166 b,Jovian,non-habitable,102.14,0.1,0,204.28,0
BD-11 4672 b,Jovian,non-habitable,168.51,0.23,0,337.02,0
BD-17 63 b,Jovian,non-habitable,1621.49,1.02,1,3242.98,1
beta Cir b,Jovian,non-habitable,17804.64,24.16,1,35609.28,1
beta Cnc b,Jovian,non-habitable,2479.93,1.57,1,4959.86,1
beta Umi b,Jovian,non-habitable,1939.43,1.22,1,3878.86,1
CD-35 2722 b,Jovian,non-habitable,9856.14,9.18,1,19712.28,1
CFBDS 1458 b,Jovian,non-habitable,3338.37,2.17,1,6676.74,1
CFBDSIR J2149-0403 b,Jovian,non-habitable,6676.74,5.19,1,13353.48,1
CHXR 73 b,Jovian,non-habitable,3815.28,2.53,1,7630.56,1
CI Tau b,Jovian,non-habitable,3913.84,2.61,1,7827.68,1
CoRoT-7 b,Terran,non-habitable,0.17,1.34,0,0.34,0
CoRoT-7 c,Neptunian,non-habitable,13.56,0.2,0,27.12,0
CoRoT-25 b,Jovian,non-habitable,57.44,0.05,0,114.88,0
CoRoT-26 b,Jovian,non-habitable,162.82,0.06,0,325.64,0
CoRoT-27 b,Jovian,non-habitable,3303.36,2.3,1,6606.72,1
CoRoT-30 b,Jovian,non-habitable,902.93,0.61,0,1805.86,0
DE0823-49 b,Jovian,non-habitable,10015.11,9.4,1,20030.22,1
DH Tau b,Jovian,non-habitable,3497.34,2.29,1,6994.68,1
DP Leo b,Jovian,non-habitable,1923.54,1.21,1,3847.08,1
DW Lyn b,Jovian,non-habitable,1774.11,1.11,1,3548.22,1
DW Uma b,Jovian,non-habitable,3198.48,2.07,1,6396.96,1
EPIC 246911830 b,Jovian,non-habitable,451.46,0.09,0,902.92,0
eps CrB b,Jovian,non-habitable,2130.2,1.34,1,4260.4,1
eps Eridani b,Jovian,non-habitable,982.43,0.63,0,1964.86,0
eps Ind A b,Jovian,non-habitable,861.62,0.57,0,1723.24,0
eps Tau b,Jovian,non-habitable,2333.68,1.47,1,4667.36,1
eta Cet b,Jovian,non-habitable,810.75,0.54,0,1621.5,0
eta Cet c,Jovian,non-habitable,1055.56,0.68,1,2111.12,0
FL Lyr b,Jovian,non-habitable,2861.46,1.83,1,5722.92,1
Fomalhaut b,Jovian,non-habitable,953.82,0.62,0,1907.64,0
FU Tau b,Jovian,non-habitable,4769.1,3.33,1,9538.2,1
FW Tau b,Jovian,non-habitable,3179.4,2.05,1,6358.8,1
gamma Cephei b,Jovian,non-habitable,3525.95,2.31,1,7051.9,1
gamma Lib b,Jovian,non-habitable,327.16,0.3,0,654.32,0
gamma Lib c,Jovian,non-habitable,1472.06,0.92,1,2944.12,0
GJ 15A b,Terran,non-habitable,3.03,1.01,0,6.06,0
GJ 27.1 b,Neptunian,non-habitable,13.0,0.2,0,26.0,0
GJ 86 A b,Jovian,non-habitable,1274.94,0.8,1,2549.88,0
GJ 160.2 b,Neptunian,non-habitable,10.2,0.2,0,20.4,0
GJ 163 b,Neptunian,non-habitable,10.62,0.2,0,21.24,0
GJ 163 c,Superterran,psychroplanet,7.26,1.19,0,14.52,0
GJ 163 d,Neptunian,non-habitable,22.08,0.2,0,44.16,0
GJ 176 b,Superterran,non-habitable,8.43,1.23,0,16.86,0
GJ 179 b,Jovian,non-habitable,260.71,0.27,0,521.42,0
GJ 180 b,Superterran,mesoplanet,8.3,1.22,0,16.6,0
GJ 180 c,Superterran,mesoplanet,6.4,1.16,0,12.8,0
GJ 229 A b,Neptunian,non-habitable,32.01,0.2,0,64.02,0
GJ 229 Bb,Jovian,non-habitable,11127.9,11.08,1,22255.8,1
GJ 273 b,Terran,mesoplanet,2.89,1.0,0,5.78,0
GJ 273 c,Terran,non-habitable,1.18,0.9,0,2.36,0
GJ 317 b,Jovian,non-habitable,813.93,0.54,0,1627.86,0
GJ 317 c,Jovian,non-habitable,635.88,0.45,0,1271.76,0
GJ 328 b,Jovian,non-habitable,731.26,0.5,0,1462.52,0
GJ 422 b,Superterran,mesoplanet,9.9,1.28,0,19.8,0
GJ 433 b,Superterran,non-habitable,5.3,1.11,0,10.6,0
GJ 433 c,Neptunian,non-habitable,44.51,0.2,0,89.02,0
GJ 536 b,Superterran,non-habitable,5.37,1.12,0,10.74,0
GJ 581 b,Neptunian,non-habitable,15.9,0.2,0,31.8,0
GJ 581 c,Superterran,non-habitable,5.4,1.12,0,10.8,0
GJ 581 e,Terran,non-habitable,1.94,0.95,0,3.88,0
GJ 625 b,Terran,non-habitable,3.02,1.01,0,6.04,0
GJ 649 b,Jovian,non-habitable,104.28,0.21,0,208.56,0
GJ 649 c,Superterran,non-habitable,9.54,1.26,0,19.08,0
GJ 667 C b,Superterran,non-habitable,5.6,1.12,0,11.2,0
GJ 667 C c,Terran,mesoplanet,3.8,1.05,0,7.6,0
GJ 667 C d,Superterran,non-habitable,5.1,1.1,0,10.2,0
GJ 667 C e,Terran,psychroplanet,2.7,0.99,0,5.4,0
GJ 667 C f,Terran,psychroplanet,2.7,0.99,0,5.4,0
GJ 667 C g,Terran,non-habitable,4.6,1.08,0,9.2,0
GJ 676 A b,Jovian,non-habitable,2130.2,1.34,1,4260.4,1
GJ 676 A c,Jovian,non-habitable,2161.99,1.36,1,4323.98,1
GJ 676 A d,Terran,non-habitable,4.45,1.08,0,8.9,0
GJ 676 A e,Neptunian,non-habitable,11.45,0.2,0,22.9,0
GJ 682 b,Terran,non-habitable,4.4,1.08,0,8.8,0
GJ 682 c,Superterran,psychroplanet,8.7,1.24,0,17.4,0
GJ 687 b,Neptunian,non-habitable,18.44,0.2,0,36.88,0
GJ 758 b,Jovian,non-habitable,14307.3,16.66,1,28614.6,1
GJ 785 b,Neptunian,non-habitable,16.91,0.2,0,33.82,0
GJ 785 c,Neptunian,non-habitable,24.16,0.2,0,48.32,0
GJ 832 b,Jovian,non-habitable,219.08,0.25,0,438.16,0
GJ 832 c,Superterran,mesoplanet,5.4,1.12,0,10.8,0
GJ 849 b,Jovian,non-habitable,286.15,0.28,0,572.3,0
GJ 849 c,Jovian,non-habitable,244.81,0.26,0,489.62,0
GJ 876 b,Jovian,non-habitable,616.17,0.44,0,1232.34,0
GJ 876 c,Jovian,non-habitable,272.16,0.27,0,544.32,0
GJ 876 d,Superterran,non-habitable,6.99,1.18,0,13.98,0
GJ 876 e,Neptunian,non-habitable,14.31,0.2,0,28.62,0
GJ 1132 c,Terran,non-habitable,2.64,0.99,0,5.28,0
GJ 3021 b,Jovian,non-habitable,1071.46,0.68,1,2142.92,0
GJ 3138 b,Terran,non-habitable,4.2,1.07,0,8.4,0
GJ 3138 c,Terran,non-habitable,1.78,0.94,0,3.56,0
GJ 3138 d,Neptunian,non-habitable,10.49,0.2,0,20.98,0
GJ 3293 b,Neptunian,non-habitable,23.55,0.2,0,47.1,0
GJ 3293 c,Neptunian,non-habitable,21.1,0.2,0,42.2,0
GJ 3293 d,Superterran,psychroplanet,7.63,1.2,0,15.26,0
GJ 3293 e,Terran,non-habitable,3.27,1.02,0,6.54,0
GJ 3323 b,Terran,mesoplanet,2.02,0.95,0,4.04,0
GJ 3323 c,Terran,non-habitable,2.31,0.97,0,4.62,0
GJ 3341 b,Superterran,non-habitable,6.6,1.16,0,13.2,0
GJ 3634 b,Superterran,non-habitable,8.27,1.22,0,16.54,0
GJ 3942 b,Superterran,non-habitable,7.15,1.18,0,14.3,0
GJ 3998 b,Terran,non-habitable,2.47,0.98,0,4.94,0
GJ 3998 c,Superterran,non-habitable,6.26,1.15,0,12.52,0
GP Com b,Jovian,non-habitable,8330.03,7.13,1,16660.06,1
GSC 6214-210 b,Jovian,non-habitable,5404.98,3.91,1,10809.96,1
HAT-P-1 b,Jovian,non-habitable,166.89,0.05,0,333.78,0
HAT-P-7 b,Jovian,non-habitable,396.16,0.13,0,792.32,0
HAT-P-8 b,Jovian,non-habitable,424.48,0.09,0,848.96,0
HAT-P-9 b,Jovian,non-habitable,212.87,0.06,0,425.74,0
HAT-P-11 b,Neptunian,non-habitable,26.14,0.25,0,52.28,0
HAT-P-12 b,Jovian,non-habitable,66.92,0.05,0,133.84,0
HAT-P-13 b,Jovian,non-habitable,269.53,0.09,0,539.06,0
HAT-P-13 c,Jovian,non-habitable,4540.18,3.13,1,9080.36,1
HAT-P-14 b,Jovian,non-habitable,699.38,0.29,0,1398.76,0
HAT-P-15 b,Jovian,non-habitable,609.5,0.36,0,1219.0,0
HAT-P-17 b,Jovian,non-habitable,169.71,0.12,0,339.42,0
HAT-P-17 c,Jovian,non-habitable,445.12,0.35,0,890.24,0
HAT-P-18 b,Jovian,non-habitable,58.18,0.05,0,116.36,0
HAT-P-19 b,Jovian,non-habitable,92.81,0.05,0,185.62,0
HAT-P-20 b,Jovian,non-habitable,2277.95,2.52,1,4555.9,1
HAT-P-21 b,Jovian,non-habitable,1287.77,0.86,1,2575.54,0
HAT-P-22 b,Jovian,non-habitable,682.21,0.39,0,1364.42,0
HAT-P-23 b,Jovian,non-habitable,653.58,0.18,0,1307.16,0
HAT-P-24 b,Jovian,non-habitable,217.43,0.08,0,434.86,0
HAT-P-25 b,Jovian,non-habitable,179.59,0.08,0,359.18,0
HAT-P-26 b,Neptunian,non-habitable,18.6,0.07,0,37.2,0
HAT-P-27-WASP-40 b,Jovian,non-habitable,209.45,0.13,0,418.9,0
HAT-P-28 b,Jovian,non-habitable,198.86,0.08,0,397.72,0
HAT-P-29 b,Jovian,non-habitable,247.24,0.13,0,494.48,0
HAT-P-30-WASP-51 b,Jovian,non-habitable,225.7,0.07,0,451.4,0
HAT-P-31 b,Jovian,non-habitable,690.24,0.4,0,1380.48,0
HAT-P-32 b,Jovian,non-habitable,298.34,0.03,0,596.68,0
HAT-P-33 b,Jovian,non-habitable,242.14,0.03,0,484.28,0
HAT-P-34 b,Jovian,non-habitable,1057.94,0.56,1,2115.88,0
HAT-P-35 b,Jovian,non-habitable,333.57,0.1,0,667.14,0
HAT-P-36 b,Jovian,non-habitable,581.56,0.21,0,1163.12,0
HAT-P-37 b,Jovian,non-habitable,371.06,0.16,0,742.12,0
HAT-P-39 b,Jovian,non-habitable,190.23,0.03,0,380.46,0
HAT-P-40 b,Jovian,non-habitable,195.53,0.03,0,391.06,0
HAT-P-41 b,Jovian,non-habitable,252.56,0.04,0,505.12,0
HAT-P-42 b,Jovian,non-habitable,309.94,0.11,0,619.88,0
HAT-P-43 b,Jovian,non-habitable,209.19,0.07,0,418.38,0
HAT-P-44 c,Jovian,non-habitable,508.7,0.38,0,1017.4,0
HAT-P-45 b,Jovian,non-habitable,249.94,0.07,0,499.88,0
HAT-P-46 b,Jovian,non-habitable,123.85,0.05,0,247.7,0
HAT-P-46 c,Jovian,non-habitable,635.88,0.45,0,1271.76,0
HAT-P-52 b,Jovian,non-habitable,260.28,0.18,0,520.56,0
HAT-P-53 b,Jovian,non-habitable,472.72,0.15,0,945.44,0
HAT-P-54 b,Jovian,non-habitable,241.53,0.2,0,483.06,0
HAT-P-56 b,Jovian,non-habitable,698.24,0.16,0,1396.48,0
HAT-P-65 b,Jovian,non-habitable,167.49,0.02,0,334.98,0
HATS-8 b,Neptunian,non-habitable,43.78,0.05,0,87.56,0
HATS-11 b,Jovian,non-habitable,270.21,0.06,0,540.42,0
HATS-12 b,Jovian,non-habitable,763.03,0.22,0,1526.06,0
HATS-13 b,Jovian,non-habitable,172.6,0.07,0,345.2,0
HATS-14 b,Jovian,non-habitable,340.5,0.22,0,681.0,0
HATS-15 b,Jovian,non-habitable,689.89,0.36,0,1379.78,0
HATS-17 b,Jovian,non-habitable,425.12,0.65,0,850.24,0
HATS-18 b,Jovian,non-habitable,629.14,0.19,0,1258.28,0
HATS-19 b,Jovian,non-habitable,135.74,0.02,0,271.48,0
HATS-20 b,Jovian,non-habitable,86.48,0.13,0,172.96,0
HATS-23 b,Jovian,non-habitable,462.71,0.05,0,925.42,0
HATS-24 b,Jovian,non-habitable,775.77,0.17,0,1551.54,0
HATS-28 b,Jovian,non-habitable,213.24,0.09,0,426.48,0
HATS-32 b,Jovian,non-habitable,292.41,0.11,0,584.82,0
HATS-33 b,Jovian,non-habitable,370.09,0.14,0,740.18,0
HATS-36 b,Jovian,non-habitable,886.81,0.31,0,1773.62,0
HATS-39 b,Jovian,non-habitable,194.75,0.04,0,389.5,0
HATS-40 b,Jovian,non-habitable,505.37,0.09,0,1010.74,0
HATS-41 b,Jovian,non-habitable,3083.44,0.93,1,6166.88,0
HATS-42 b,Jovian,non-habitable,597.59,0.16,0,1195.18,0
HATS-43 b,Jovian,non-habitable,82.98,0.04,0,165.96,0
HATS-44 b,Jovian,non-habitable,178.01,0.1,0,356.02,0
HATS-45 b,Jovian,non-habitable,222.52,0.07,0,445.04,0
HATS-46 b,Jovian,non-habitable,55.0,0.05,0,110.0,0
HATS-50 b,Jovian,non-habitable,123.99,0.06,0,247.98,0
HATS-51 b,Jovian,non-habitable,244.17,0.06,0,488.34,0
HATS-53 b,Jovian,non-habitable,94.87,0.06,0,189.74,0
HATS-59 c,Jovian,non-habitable,4037.84,2.71,1,8075.68,1
HD 142 b,Jovian,non-habitable,397.42,0.33,0,794.84,0
HD 142 c,Jovian,non-habitable,1685.08,1.06,1,3370.16,1
HD 564 b,Jovian,non-habitable,104.92,0.21,0,209.84,0
HD 1461 b,Superterran,non-habitable,6.45,1.16,0,12.9,0
HD 1461 c,Superterran,non-habitable,5.6,1.12,0,11.2,0
HD 1502 b,Jovian,non-habitable,985.61,0.64,0,1971.22,0
HD 1605 b,Jovian,non-habitable,305.22,0.29,0,610.44,0
HD 1605 c,Jovian,non-habitable,1106.43,0.7,1,2212.86,0
HD 1666 b,Jovian,non-habitable,2044.35,1.28,1,4088.7,1
HD 1690 b,Jovian,non-habitable,1939.43,1.22,1,3878.86,1
HD 2039 b,Jovian,non-habitable,1942.61,1.22,1,3885.22,1
HD 2952 b,Jovian,non-habitable,508.7,0.38,0,1017.4,0
HD 3167 d,Superterran,non-habitable,6.9,1.17,0,13.8,0
HD 3651 b,Jovian,non-habitable,73.44,0.2,0,146.88,0
HD 3651 c,Neptunian,non-habitable,28.61,0.2,0,57.22,0
HD 4113 b,Jovian,non-habitable,495.99,0.38,0,991.98,0
HD 4203 b,Jovian,non-habitable,578.65,0.42,0,1157.3,0
HD 4203 c,Jovian,non-habitable,689.93,0.47,0,1379.86,0
HD 4208 b,Jovian,non-habitable,255.62,0.27,0,511.24,0
HD 4308 b,Neptunian,non-habitable,12.88,0.2,0,25.76,0
HD 4313 b,Jovian,non-habitable,731.26,0.5,0,1462.52,0
HD 4732 b,Jovian,non-habitable,753.52,0.51,0,1507.04,0
HD 4732 c,Jovian,non-habitable,753.52,0.51,0,1507.04,0
HD 4747 b,Jovian,non-habitable,19139.99,27.4,1,38279.98,1
HD 5319 b,Jovian,non-habitable,616.8,0.44,0,1233.6,0
HD 5319 c,Jovian,non-habitable,365.63,0.31,0,731.26,0
HD 5583 b,Jovian,non-habitable,1837.69,1.15,1,3675.38,1
HD 5608 b,Jovian,non-habitable,445.12,0.35,0,890.24,0
HD 5891 b,Jovian,non-habitable,2416.34,1.52,1,4832.68,1
HD 6434 b,Jovian,non-habitable,124.0,0.22,0,248.0,0
HD 6718 b,Jovian,non-habitable,495.99,0.38,0,991.98,0
HD 7199 b,Jovian,non-habitable,92.2,0.21,0,184.4,0
HD 7449 b,Jovian,non-habitable,352.91,0.31,0,705.82,0
HD 7449 c,Jovian,non-habitable,635.88,0.45,0,1271.76,0
HD 7924 c,Superterran,non-habitable,7.85,1.21,0,15.7,0
HD 7924 d,Superterran,non-habitable,6.45,1.16,0,12.9,0
HD 8535 b,Jovian,non-habitable,216.2,0.25,0,432.4,0
HD 8574 b,Jovian,non-habitable,670.85,0.46,0,1341.7,0
HD 8673 b,Jovian,non-habitable,4514.75,3.11,1,9029.5,1
HD 9174 b,Jovian,non-habitable,352.91,0.31,0,705.82,0
HD 9446 b,Jovian,non-habitable,222.56,0.25,0,445.12,0
HD 9446 c,Jovian,non-habitable,578.65,0.42,0,1157.3,0
HD 9578 b,Jovian,non-habitable,197.12,0.24,0,394.24,0
HD 10180 c,Neptunian,non-habitable,13.1,0.2,0,26.2,0
HD 10180 d,Neptunian,non-habitable,11.75,0.2,0,23.5,0
HD 10180 e,Neptunian,non-habitable,25.11,0.2,0,50.22,0
HD 10180 f,Neptunian,non-habitable,23.91,0.2,0,47.82,0
HD 10180 g,Neptunian,non-habitable,21.41,0.2,0,42.82,0
HD 10180 h,Jovian,non-habitable,64.42,0.2,0,128.84,0
HD 10442 b,Jovian,non-habitable,667.67,0.46,0,1335.34,0
HD 10647 b,Jovian,non-habitable,295.68,0.28,0,591.36,0
HD 10697 b,Jovian,non-habitable,2171.53,1.36,1,4343.06,1
HD 11506 b,Jovian,non-habitable,1093.71,0.7,1,2187.42,0
HD 11506 c,Jovian,non-habitable,260.71,0.27,0,521.42,0
HD 11755 b,Jovian,non-habitable,2066.61,1.3,1,4133.22,1
HD 11964 b,Jovian,non-habitable,197.76,0.24,0,395.52,0
HD 11964 c,Neptunian,non-habitable,25.12,0.2,0,50.24,0
HD 11977 b,Jovian,non-habitable,1999.84,1.25,1,3999.68,1
HD 12484 b,Jovian,non-habitable,947.46,0.61,0,1894.92,0
HD 12648 b,Jovian,non-habitable,922.03,0.6,0,1844.06,0
HD 12661 b,Jovian,non-habitable,731.26,0.5,0,1462.52,0
HD 12661 c,Jovian,non-habitable,499.17,0.38,0,998.34,0
HD 13189 b,Jovian,non-habitable,4451.16,3.05,1,8902.32,1
HD 13808 b,Neptunian,non-habitable,10.33,0.2,0,20.66,0
HD 13808 c,Neptunian,non-habitable,11.45,0.2,0,22.9,0
HD 13908 b,Jovian,non-habitable,275.02,0.28,0,550.04,0
HD 13908 c,Jovian,non-habitable,1631.03,1.02,1,3262.06,1
HD 13931 b,Jovian,non-habitable,597.73,0.43,0,1195.46,0
HD 14067 b,Jovian,non-habitable,2479.93,1.57,1,4959.86,1
HD 16141 b,Jovian,non-habitable,68.36,0.2,0,136.72,0
HD 16175 b,Jovian,non-habitable,1516.57,0.95,1,3033.14,0
HD 16417 b,Neptunian,non-habitable,21.94,0.2,0,43.88,0
HD 17092 b,Jovian,non-habitable,1462.52,0.92,1,2925.04,0
HD 17674 b,Jovian,non-habitable,276.61,0.28,0,553.22,0
HD 18742 b,Jovian,non-habitable,858.44,0.56,0,1716.88,0
HD 19467 b,Jovian,non-habitable,16532.88,21.27,1,33065.76,1
HD 19994 b,Jovian,non-habitable,534.14,0.39,0,1068.28,0
HD 20003 b,Neptunian,non-habitable,12.02,0.2,0,24.04,0
HD 20003 c,Neptunian,non-habitable,13.42,0.2,0,26.84,0
HD 20367 b,Jovian,non-habitable,340.2,0.3,0,680.4,0
HD 20781 b,Neptunian,non-habitable,12.05,0.2,0,24.1,0
HD 20781 c,Neptunian,non-habitable,15.77,0.2,0,31.54,0
HD 20782 b,Jovian,non-habitable,604.09,0.43,0,1208.18,0
HD 20794 b,Terran,non-habitable,2.82,1.0,0,5.64,0
HD 20794 d,Terran,non-habitable,3.53,1.04,0,7.06,0
HD 20794 e,Terran,non-habitable,4.77,1.09,0,9.54,0
HD 20868 b,Jovian,non-habitable,632.7,0.44,0,1265.4,0
HD 21693 b,Neptunian,non-habitable,10.24,0.2,0,20.48,0
HD 21693 c,Neptunian,non-habitable,20.58,0.2,0,41.16,0
HD 22781 b,Jovian,non-habitable,4339.88,2.96,1,8679.76,1
HD 23079 b,Jovian,non-habitable,778.95,0.52,0,1557.9,0
HD 23127 b,Jovian,non-habitable,476.91,0.37,0,953.82,0
HD 23596 b,Jovian,non-habitable,2575.31,1.63,1,5150.62,1
HD 24040 b,Jovian,non-habitable,1274.94,0.8,1,2549.88,0
HD 24064 b,Jovian,non-habitable,2988.64,1.92,1,5977.28,1
HD 25171 b,Jovian,non-habitable,302.04,0.29,0,604.08,0
HD 27442 b,Jovian,non-habitable,429.22,0.34,0,858.44,0
HD 27631 b,Jovian,non-habitable,461.01,0.36,0,922.02,0
HD 27894 b,Jovian,non-habitable,211.43,0.25,0,422.86,0
HD 27894 c,Jovian,non-habitable,51.51,0.2,0,103.02,0
HD 27894 d,Jovian,non-habitable,1721.65,1.08,1,3443.3,1
HD 28185 b,Jovian,non-habitable,1812.26,1.14,1,3624.52,1
HD 28254 b,Jovian,non-habitable,368.81,0.32,0,737.62,0
HD 28678 b,Jovian,non-habitable,540.5,0.4,0,1081.0,0
HD 29021 b,Jovian,non-habitable,763.06,0.51,0,1526.12,0
HD 30177 b,Jovian,non-habitable,2565.78,1.62,1,5131.56,1
HD 30177 c,Jovian,non-habitable,953.82,0.62,0,1907.64,0
HD 30562 b,Jovian,non-habitable,410.14,0.34,0,820.28,0
HD 30669 b,Jovian,non-habitable,149.43,0.23,0,298.86,0
HD 30856 b,Jovian,non-habitable,572.29,0.41,0,1144.58,0
HD 31253 b,Jovian,non-habitable,158.97,0.23,0,317.94,0
HD 31527 b,Neptunian,non-habitable,11.54,0.2,0,23.08,0
HD 31527 c,Neptunian,non-habitable,15.83,0.2,0,31.66,0
HD 31527 d,Neptunian,non-habitable,16.5,0.2,0,33.0,0
HD 32518 b,Jovian,non-habitable,966.54,0.62,0,1933.08,0
HD 32963 b,Jovian,non-habitable,222.56,0.25,0,445.12,0
HD 33142 b,Jovian,non-habitable,413.32,0.34,0,826.64,0
HD 33564 b,Jovian,non-habitable,2893.25,1.85,1,5786.5,1
HD 33844 b,Jovian,non-habitable,623.16,0.44,0,1246.32,0
HD 33844 c,Jovian,non-habitable,556.4,0.41,0,1112.8,0
HD 34445 b,Jovian,non-habitable,199.98,0.25,0,399.96,0
HD 34445 c,Jovian,non-habitable,53.41,0.2,0,106.82,0
HD 34445 d,Neptunian,non-habitable,30.84,0.2,0,61.68,0
HD 34445 e,Neptunian,non-habitable,16.82,0.2,0,33.64,0
HD 34445 f,Neptunian,non-habitable,37.83,0.2,0,75.66,0
HD 34445 g,Jovian,non-habitable,120.82,0.22,0,241.64,0
HD 35759 b,Jovian,non-habitable,1195.45,0.76,1,2390.9,0
HD 37124 b,Jovian,non-habitable,214.61,0.25,0,429.22,0
HD 37124 c,Jovian,non-habitable,207.3,0.25,0,414.6,0
HD 37124 d,Jovian,non-habitable,221.29,0.25,0,442.58,0
HD 37605 b,Jovian,non-habitable,894.37,0.58,0,1788.74,0
HD 37605 c,Jovian,non-habitable,1070.19,0.68,1,2140.38,0
HD 38283 b,Jovian,non-habitable,108.1,0.21,0,216.2,0
HD 38529 b,Jovian,non-habitable,295.68,0.28,0,591.36,0
HD 38529 c,Jovian,non-habitable,7535.18,6.16,1,15070.36,1
HD 38801 b,Jovian,non-habitable,3401.96,2.22,1,6803.92,1
HD 38858 b,Neptunian,non-habitable,30.55,0.2,0,61.1,0
HD 39091 b,Jovian,non-habitable,3274.78,2.12,1,6549.56,1
HD 39194 b,Terran,non-habitable,3.72,1.04,0,7.44,0
HD 39194 c,Superterran,non-habitable,5.95,1.14,0,11.9,0
HD 39194 d,Superterran,non-habitable,5.15,1.11,0,10.3,0
HD 39392 b,Jovian,non-habitable,4196.81,2.84,1,8393.62,1
HD 40307 b,Terran,non-habitable,3.82,1.05,0,7.64,0
HD 40307 c,Superterran,non-habitable,6.43,1.16,0,12.86,0
HD 40307 d,Superterran,non-habitable,8.74,1.24,0,17.48,0
HD 40307 e,Terran,non-habitable,3.5,1.03,0,7.0,0
HD 40307 f,Terran,non-habitable,3.62,1.04,0,7.24,0
HD 40307 g,Superterran,psychroplanet,7.09,1.18,0,14.18,0
HD 40956 b,Jovian,non-habitable,858.44,0.56,0,1716.88,0
HD 40979 b,Jovian,non-habitable,1274.94,0.8,1,2549.88,0
HD 41004 A b,Jovian,non-habitable,807.57,0.54,0,1615.14,0
HD 41248 c,Superterran,non-habitable,7.09,1.18,0,14.18,0
HD 42012 b,Jovian,non-habitable,508.7,0.38,0,1017.4,0
HD 42618 b,Neptunian,non-habitable,14.4,0.2,0,28.8,0
HD 43197 b,Jovian,non-habitable,190.76,0.24,0,381.52,0
HD 43691 b,Jovian,non-habitable,791.67,0.53,0,1583.34,0
HD 44219 b,Jovian,non-habitable,184.41,0.24,0,368.82,0
HD 45184 b,Neptunian,non-habitable,12.72,0.2,0,25.44,0
HD 45350 b,Jovian,non-habitable,569.11,0.41,0,1138.22,0
HD 45364 b,Jovian,non-habitable,59.52,0.2,0,119.04,0
HD 45364 c,Jovian,non-habitable,209.17,0.25,0,418.34,0
HD 45652 b,Jovian,non-habitable,149.43,0.23,0,298.86,0
HD 46375 b,Jovian,non-habitable,10.05,0.05,0,20.1,0
HD 47186 b,Neptunian,non-habitable,22.79,0.2,0,45.58,0
HD 47186 c,Jovian,non-habitable,111.47,0.21,0,222.94,0
HD 47366 b,Jovian,non-habitable,556.4,0.41,0,1112.8,0
HD 47366 c,Jovian,non-habitable,591.37,0.42,0,1182.74,0
HD 47536 b,Jovian,non-habitable,1589.7,1.0,1,3179.4,0
HD 48265 b,Jovian,non-habitable,368.81,0.32,0,737.62,0
HD 49674 b,Neptunian,non-habitable,5.3,0.02,0,10.6,0
HD 50499 b,Jovian,non-habitable,543.68,0.4,0,1087.36,0
HD 50554 b,Jovian,non-habitable,1640.57,1.03,1,3281.14,1
HD 51608 b,Neptunian,non-habitable,13.13,0.2,0,26.26,0
HD 51608 c,Neptunian,non-habitable,17.96,0.2,0,35.92,0
HD 52265 b,Jovian,non-habitable,333.84,0.3,0,667.68,0
HD 52265 c,Jovian,non-habitable,111.28,0.21,0,222.56,0
HD 59686 A b,Jovian,non-habitable,2200.14,1.38,1,4400.28,1
HD 60532 b,Jovian,non-habitable,2928.23,1.87,1,5856.46,1
HD 60532 c,Jovian,non-habitable,6934.27,5.47,1,13868.54,1
HD 62509 b,Jovian,non-habitable,922.03,0.6,0,1844.06,0
HD 63765 b,Jovian,non-habitable,203.48,0.25,0,406.96,0
HD 65216 b,Jovian,non-habitable,400.6,0.33,0,801.2,0
HD 65216 c,Jovian,non-habitable,54.05,0.2,0,108.1,0
HD 66141 b,Jovian,non-habitable,1907.64,1.2,1,3815.28,1
HD 66428 b,Jovian,non-habitable,896.59,0.59,0,1793.18,0
HD 67087 b,Jovian,non-habitable,972.9,0.63,0,1945.8,0
HD 67087 c,Jovian,non-habitable,1542.01,0.97,1,3084.02,0
HD 68402 b,Jovian,non-habitable,976.08,0.63,0,1952.16,0
HD 68988 b,Jovian,non-habitable,591.37,0.42,0,1182.74,0
HD 69830 b,Neptunian,non-habitable,45.37,0.2,0,90.74,0
HD 69830 c,Jovian,non-habitable,52.43,0.2,0,104.86,0
HD 69830 d,Jovian,non-habitable,80.41,0.21,0,160.82,0
HD 70642 b,Jovian,non-habitable,635.88,0.45,0,1271.76,0
HD 72659 b,Jovian,non-habitable,1001.51,0.64,1,2003.02,0
HD 72892 b,Jovian,non-habitable,1732.77,1.09,1,3465.54,1
HD 73256 b,Jovian,non-habitable,594.55,0.42,0,1189.1,0
HD 73267 b,Jovian,non-habitable,972.9,0.63,0,1945.8,0
HD 73526 b,Jovian,non-habitable,715.36,0.49,0,1430.72,0
HD 73526 c,Jovian,non-habitable,715.36,0.49,0,1430.72,0
HD 73534 b,Jovian,non-habitable,365.63,0.31,0,731.26,0
HD 74156 b,Jovian,non-habitable,565.3,0.41,0,1130.6,0
HD 74156 c,Jovian,non-habitable,2542.57,1.61,1,5085.14,1
HD 75784 b,Jovian,non-habitable,365.63,0.31,0,731.26,0
HD 75784 c,Jovian,non-habitable,1780.46,1.12,1,3560.92,1
HD 75898 b,Jovian,non-habitable,798.03,0.53,0,1596.06,0
HD 76920 b,Jovian,non-habitable,1249.5,0.79,1,2499.0,0
HD 77065 b,Jovian,non-habitable,13035.54,14.29,1,26071.08,1
HD 77338 b,Jovian,non-habitable,158.97,0.23,0,317.94,0
HD 79498 b,Jovian,non-habitable,426.04,0.34,0,852.08,0
HD 81040 b,Jovian,non-habitable,2181.07,1.37,1,4362.14,1
HD 81688 b,Jovian,non-habitable,562.75,0.41,0,1125.5,0
HD 82886 b,Jovian,non-habitable,413.32,0.34,0,826.64,0
HD 82943 b,Jovian,non-habitable,4610.13,3.19,1,9220.26,1
HD 82943 c,Jovian,non-habitable,4575.16,3.16,1,9150.32,1
HD 82943 d,Jovian,non-habitable,92.2,0.21,0,184.4,0
HD 85390 b,Neptunian,non-habitable,41.97,0.2,0,83.94,0
HD 85390 c,Jovian,non-habitable,63.59,0.2,0,127.18,0
HD 85512 b,Terran,non-habitable,3.5,1.03,0,7.0,0
HD 86226 b,Jovian,non-habitable,476.91,0.37,0,953.82,0
HD 86264 b,Jovian,non-habitable,2225.58,1.4,1,4451.16,1
HD 86950 b,Jovian,non-habitable,1144.58,0.73,1,2289.16,0
HD 87646 A b,Jovian,non-habitable,3942.46,2.63,1,7884.92,1
HD 87646 A c,Jovian,non-habitable,18122.58,24.91,1,36245.16,1
HD 89307 b,Jovian,non-habitable,635.88,0.45,0,1271.76,0
HD 89744 b,Jovian,non-habitable,2829.67,1.8,1,5659.34,1
HD 89744 c,Jovian,non-habitable,1017.41,0.65,1,2034.82,0
HD 90156 b,Neptunian,non-habitable,18.12,0.2,0,36.24,0
HD 92788 b,Jovian,non-habitable,8819.66,7.76,1,17639.32,1
HD 92788 c,Jovian,non-habitable,286.15,0.28,0,572.3,0
HD 93083 b,Jovian,non-habitable,117.64,0.22,0,235.28,0
HD 93385 b,Superterran,non-habitable,8.36,1.22,0,16.72,0
HD 93385 c,Neptunian,non-habitable,10.11,0.2,0,20.22,0
HD 95086 b,Jovian,non-habitable,1398.94,0.88,1,2797.88,0
HD 95089 b,Jovian,non-habitable,381.53,0.32,0,763.06,0
HD 95127 b,Jovian,non-habitable,1592.88,1.0,1,3185.76,0
HD 95872 b,Jovian,non-habitable,1462.52,0.92,1,2925.04,0
HD 96063 b,Jovian,non-habitable,286.15,0.28,0,572.3,0
HD 96127 b,Jovian,non-habitable,1271.76,0.8,1,2543.52,0
HD 96167 b,Jovian,non-habitable,216.2,0.25,0,432.4,0
HD 96700 b,Superterran,non-habitable,9.03,1.25,0,18.06,0
HD 96700 c,Neptunian,non-habitable,12.72,0.2,0,25.44,0
HD 98219 b,Jovian,non-habitable,572.29,0.41,0,1144.58,0
HD 98649 b,Jovian,non-habitable,2161.99,1.36,1,4323.98,1
HD 99109 b,Jovian,non-habitable,159.61,0.23,0,319.22,0
HD 99492 b,Neptunian,non-habitable,25.12,0.2,0,50.24,0
HD 99706 b,Jovian,non-habitable,445.12,0.35,0,890.24,0
HD 100655 b,Jovian,non-habitable,540.5,0.4,0,1081.0,0
HD 100777 b,Jovian,non-habitable,368.81,0.32,0,737.62,0
HD 101930 b,Jovian,non-habitable,95.38,0.21,0,190.76,0
HD 102117 b,Jovian,non-habitable,54.69,0.2,0,109.38,0
HD 102195 b,Jovian,non-habitable,143.07,0.22,0,286.14,0
HD 102272 b,Jovian,non-habitable,1875.85,1.18,1,3751.7,1
HD 102272 c,Jovian,non-habitable,826.64,0.55,0,1653.28,0
HD 102329 b,Jovian,non-habitable,1875.85,1.18,1,3751.7,1
HD 102365 b,Neptunian,non-habitable,15.9,0.2,0,31.8,0
HD 102956 b,Jovian,non-habitable,305.22,0.29,0,610.44,0
HD 103197 b,Neptunian,non-habitable,31.16,0.2,0,62.32,0
HD 103720 b,Jovian,non-habitable,197.12,0.24,0,394.24,0
HD 103774 b,Jovian,non-habitable,116.68,0.22,0,233.36,0
HD 104067 b,Jovian,non-habitable,59.14,0.2,0,118.28,0
HD 104985 b,Jovian,non-habitable,2638.9,1.67,1,5277.8,1
HD 106252 b,Jovian,non-habitable,10447.51,10.04,1,20895.02,1
HD 106270 b,Jovian,non-habitable,3497.34,2.29,1,6994.68,1
HD 106515 A b,Jovian,non-habitable,3055.4,1.96,1,6110.8,1
HD 106906 b,Jovian,non-habitable,3497.34,2.29,1,6994.68,1
HD 107148 b,Jovian,non-habitable,66.77,0.2,0,133.54,0
HD 108147 b,Jovian,non-habitable,82.98,0.21,0,165.96,0
HD 108341 b,Jovian,non-habitable,1112.79,0.71,1,2225.58,0
HD 108863 b,Jovian,non-habitable,826.64,0.55,0,1653.28,0
HD 108874 b,Jovian,non-habitable,432.4,0.35,0,864.8,0
HD 108874 c,Jovian,non-habitable,323.66,0.3,0,647.32,0
HD 109246 b,Jovian,non-habitable,244.81,0.26,0,489.62,0
HD 109271 b,Neptunian,non-habitable,17.17,0.2,0,34.34,0
HD 109271 c,Neptunian,non-habitable,24.16,0.2,0,48.32,0
HD 110014 b,Jovian,non-habitable,3401.96,2.22,1,6803.92,1
HD 110014 c,Jovian,non-habitable,985.61,0.64,0,1971.22,0
HD 111232 b,Jovian,non-habitable,2161.99,1.36,1,4323.98,1
HD 111591 b,Jovian,non-habitable,1398.94,0.88,1,2797.88,0
HD 113337 b,Jovian,non-habitable,899.77,0.59,0,1799.54,0
HD 113538 b,Jovian,non-habitable,114.46,0.22,0,228.92,0
HD 113538 c,Jovian,non-habitable,295.68,0.28,0,591.36,0
HD 113996 b,Jovian,non-habitable,2003.02,1.26,1,4006.04,1
HD 114386 b,Jovian,non-habitable,394.25,0.33,0,788.5,0
HD 114386 c,Jovian,non-habitable,378.35,0.32,0,756.7,0
HD 114613 b,Jovian,non-habitable,152.61,0.23,0,305.22,0
HD 114729 b,Jovian,non-habitable,267.07,0.27,0,534.14,0
HD 114762 b,Jovian,non-habitable,3490.98,2.28,1,6981.96,1
HD 114783 b,Jovian,non-habitable,2003.02,1.26,1,4006.04,1
HD 116029 b,Jovian,non-habitable,667.67,0.46,0,1335.34,0
HD 117207 b,Jovian,non-habitable,654.96,0.46,0,1309.92,0
HD 117618 b,Jovian,non-habitable,56.59,0.2,0,113.18,0
HD 117618 c,Jovian,non-habitable,63.59,0.2,0,127.18,0
HD 119445 b,Jovian,non-habitable,11954.54,12.42,1,23909.08,1
HD 120084 b,Jovian,non-habitable,1430.73,0.9,1,2861.46,0
HD 121504 b,Jovian,non-habitable,387.89,0.32,0,775.78,0
HD 122562 b,Jovian,non-habitable,7630.56,6.27,1,15261.12,1
HD 125595 b,Neptunian,non-habitable,13.35,0.2,0,26.7,0
HD 125612 b,Jovian,non-habitable,953.82,0.62,0,1907.64,0
HD 125612 c,Neptunian,non-habitable,18.44,0.2,0,36.88,0
HD 125612 d,Jovian,non-habitable,2289.17,1.44,1,4578.34,1
HD 126525 b,Jovian,non-habitable,71.22,0.2,0,142.44,0
HD 126614 b,Jovian,non-habitable,120.82,0.22,0,241.64,0
HD 128311 b,Jovian,non-habitable,693.11,0.48,0,1386.22,0
HD 128311 c,Jovian,non-habitable,1332.17,0.84,1,2664.34,0
HD 128356 b,Jovian,non-habitable,282.97,0.28,0,565.94,0
HD 129445 b,Jovian,non-habitable,508.7,0.38,0,1017.4,0
HD 130322 b,Jovian,non-habitable,333.84,0.3,0,667.68,0
HD 131496 b,Jovian,non-habitable,699.47,0.48,0,1398.94,0
HD 132406 b,Jovian,non-habitable,1783.64,1.12,1,3567.28,1
HD 132563 B b,Jovian,non-habitable,473.73,0.36,0,947.46,0
HD 133131 A b,Jovian,non-habitable,454.65,0.36,0,909.3,0
HD 133131 A c,Jovian,non-habitable,152.61,0.23,0,305.22,0
HD 133131 B b,Jovian,non-habitable,794.85,0.53,0,1589.7,0
HD 134060 b,Neptunian,non-habitable,11.16,0.2,0,22.32,0
HD 134060 c,Neptunian,non-habitable,47.91,0.2,0,95.82,0
HD 134113 b,Jovian,non-habitable,14943.18,17.92,1,29886.36,1
HD 134606 b,Superterran,non-habitable,9.28,1.26,0,18.56,0
HD 134606 c,Neptunian,non-habitable,12.15,0.2,0,24.3,0
HD 134606 d,Neptunian,non-habitable,38.47,0.2,0,76.94,0
HD 134987 b,Jovian,non-habitable,505.52,0.38,0,1011.04,0
HD 134987 c,Jovian,non-habitable,260.71,0.27,0,521.42,0
HD 136352 b,Superterran,non-habitable,5.28,1.11,0,10.56,0
HD 136352 c,Neptunian,non-habitable,11.38,0.2,0,22.76,0
HD 136352 d,Superterran,non-habitable,9.54,1.26,0,19.08,0
HD 136418 b,Jovian,non-habitable,635.88,0.45,0,1271.76,0
HD 137388 b,Jovian,non-habitable,70.9,0.2,0,141.8,0
HD 139357 b,Jovian,non-habitable,3103.09,2.0,1,6206.18,1
HD 141399 b,Jovian,non-habitable,143.39,0.22,0,286.78,0
HD 141399 c,Jovian,non-habitable,422.86,0.34,0,845.72,0
HD 141399 d,Jovian,non-habitable,375.17,0.32,0,750.34,0
HD 141399 e,Jovian,non-habitable,209.84,0.25,0,419.68,0
HD 141937 b,Jovian,non-habitable,3084.02,1.98,1,6168.04,1
HD 142022 A b,Jovian,non-habitable,9347.44,8.46,1,18694.88,1
HD 142245 b,Jovian,non-habitable,604.09,0.43,0,1208.18,0
HD 142415 b,Jovian,non-habitable,515.06,0.38,0,1030.12,0
HD 143105 b,Jovian,non-habitable,384.71,0.32,0,769.42,0
HD 143361 b,Jovian,non-habitable,991.97,0.64,0,1983.94,0
HD 143761 b,Jovian,non-habitable,332.25,0.3,0,664.5,0
HD 143761 c,Neptunian,non-habitable,25.12,0.2,0,50.24,0
HD 145377 b,Jovian,non-habitable,1831.33,1.15,1,3662.66,1
HD 145457 b,Jovian,non-habitable,922.03,0.6,0,1844.06,0
HD 145934 b,Jovian,non-habitable,724.9,0.49,0,1449.8,0
HD 147018 b,Jovian,non-habitable,674.03,0.47,0,1348.06,0
HD 147018 c,Jovian,non-habitable,2085.69,1.31,1,4171.38,1
HD 147379 b,Neptunian,non-habitable,24.7,0.2,0,49.4,0
HD 147513 b,Jovian,non-habitable,384.71,0.32,0,769.42,0
HD 147873 b,Jovian,non-habitable,1634.21,1.02,1,3268.42,1
HD 147873 c,Jovian,non-habitable,731.26,0.5,0,1462.52,0
HD 148156 b,Jovian,non-habitable,270.25,0.27,0,540.5,0
HD 148427 b,Jovian,non-habitable,305.22,0.29,0,610.44,0
HD 150433 b,Jovian,non-habitable,53.41,0.2,0,106.82,0
HD 150706 b,Jovian,non-habitable,861.62,0.57,0,1723.24,0
HD 152079 b,Jovian,non-habitable,953.82,0.62,0,1907.64,0
HD 152581 b,Jovian,non-habitable,476.91,0.37,0,953.82,0
HD 153950 b,Jovian,non-habitable,867.98,0.57,0,1735.96,0
HD 154088 b,Superterran,non-habitable,6.14,1.15,0,12.28,0
HD 154345 b,Jovian,non-habitable,413.32,0.34,0,826.64,0
HD 154672 b,Jovian,non-habitable,1596.06,1.0,1,3192.12,0
HD 154857 b,Jovian,non-habitable,712.19,0.49,0,1424.38,0
HD 154857 c,Jovian,non-habitable,820.29,0.54,0,1640.58,0
HD 155233 b,Jovian,non-habitable,826.64,0.55,0,1653.28,0
HD 155358 b,Jovian,non-habitable,270.25,0.27,0,540.5,0
HD 155358 c,Jovian,non-habitable,260.71,0.27,0,521.42,0
HD 156279 b,Jovian,non-habitable,3087.2,1.99,1,6174.4,1
HD 156411 b,Jovian,non-habitable,235.28,0.26,0,470.56,0
HD 156668 b,Terran,non-habitable,4.17,1.06,0,8.34,0
HD 157172 b,Neptunian,non-habitable,38.15,0.2,0,76.3,0
HD 158038 b,Jovian,non-habitable,572.29,0.41,0,1144.58,0
HD 158996 b,Jovian,non-habitable,4451.16,3.05,1,8902.32,1
HD 159243 b,Jovian,non-habitable,359.27,0.31,0,718.54,0
HD 159243 c,Jovian,non-habitable,604.09,0.43,0,1208.18,0
HD 159868 b,Jovian,non-habitable,667.67,0.46,0,1335.34,0
HD 159868 c,Jovian,non-habitable,232.1,0.26,0,464.2,0
HD 160508 b,Jovian,non-habitable,15261.12,18.56,1,30522.24,1
HD 162004 b,Jovian,non-habitable,486.45,0.37,0,972.9,0
HD 162020 b,Jovian,non-habitable,4578.34,3.16,1,9156.68,1
HD 163296 b,Jovian,non-habitable,95.38,0.21,0,190.76,0
HD 163296 c,Jovian,non-habitable,95.38,0.21,0,190.76,0
HD 163607 b,Jovian,non-habitable,244.81,0.26,0,489.62,0
HD 163607 c,Jovian,non-habitable,728.08,0.49,0,1456.16,0
HD 164509 b,Jovian,non-habitable,152.61,0.23,0,305.22,0
HD 164595 b,Neptunian,non-habitable,16.41,0.2,0,32.82,0
HD 164604 b,Jovian,non-habitable,858.44,0.56,0,1716.88,0
HD 164922 b,Jovian,non-habitable,107.62,0.21,0,215.24,0
HD 164922 c,Neptunian,non-habitable,12.91,0.2,0,25.82,0
HD 165155 b,Jovian,non-habitable,918.85,0.6,0,1837.7,0
HD 166724 b,Jovian,non-habitable,1122.33,0.71,1,2244.66,0
HD 167042 b,Jovian,non-habitable,508.7,0.38,0,1017.4,0
HD 168443 b,Jovian,non-habitable,2435.1,1.54,1,4870.2,1
HD 168443 c,Jovian,non-habitable,9367.47,8.49,1,18734.94,1
HD 168746 b,Jovian,non-habitable,73.13,0.2,0,146.26,0
HD 169142 b,Jovian,non-habitable,9538.2,8.73,1,19076.4,1
HD 169830 b,Jovian,non-habitable,915.67,0.6,0,1831.34,0
HD 169830 c,Jovian,non-habitable,1284.48,0.81,1,2568.96,0
HD 170469 b,Jovian,non-habitable,213.02,0.25,0,426.04,0
HD 171028 b,Jovian,non-habitable,629.52,0.44,0,1259.04,0
HD 171238 b,Jovian,non-habitable,826.64,0.55,0,1653.28,0
HD 173416 b,Jovian,non-habitable,858.44,0.56,0,1716.88,0
HD 175167 b,Jovian,non-habitable,2479.93,1.57,1,4959.86,1
HD 175370 b,Jovian,non-habitable,1462.52,0.92,1,2925.04,0
HD 175541 b,Jovian,non-habitable,193.94,0.24,0,387.88,0
HD 175607 b,Superterran,non-habitable,9.0,1.25,0,18.0,0
HD 176051 b,Jovian,non-habitable,476.91,0.37,0,953.82,0
HD 176986 b,Superterran,non-habitable,5.75,1.13,0,11.5,0
HD 176986 c,Superterran,non-habitable,9.19,1.25,0,18.38,0
HD 177830 b,Jovian,non-habitable,473.73,0.36,0,947.46,0
HD 177830 c,Neptunian,non-habitable,47.69,0.2,0,95.38,0
HD 178911 B b,Jovian,non-habitable,2000.48,1.26,1,4000.96,1
HD 179079 b,Neptunian,non-habitable,25.44,0.2,0,50.88,0
HD 180314 b,Jovian,non-habitable,6994.68,5.54,1,13989.36,1
HD 180777 b,Jovian,non-habitable,7948.5,6.65,1,15897.0,1
HD 180902 b,Jovian,non-habitable,508.7,0.38,0,1017.4,0
HD 181342 b,Jovian,non-habitable,922.03,0.6,0,1844.06,0
HD 181433 b,Superterran,non-habitable,7.57,1.2,0,15.14,0
HD 181433 c,Jovian,non-habitable,203.48,0.25,0,406.96,0
HD 181433 d,Jovian,non-habitable,171.69,0.23,0,343.38,0
HD 181720 b,Jovian,non-habitable,3853.43,2.56,1,7706.86,1
HD 183263 b,Jovian,non-habitable,1166.84,0.74,1,2333.68,0
HD 183263 c,Jovian,non-habitable,1214.53,0.77,1,2429.06,0
HD 185269 b,Jovian,non-habitable,298.86,0.29,0,597.72,0
HD 187085 b,Jovian,non-habitable,238.46,0.26,0,476.92,0
HD 187123 b,Jovian,non-habitable,165.33,0.23,0,330.66,0
HD 187123 c,Jovian,non-habitable,632.7,0.44,0,1265.4,0
HD 188015 b,Jovian,non-habitable,400.6,0.33,0,801.2,0
HD 189567 b,Superterran,non-habitable,10.05,0.2,0,20.1,0
HD 190360 b,Jovian,non-habitable,475.32,0.37,0,950.64,0
HD 190360 c,Neptunian,non-habitable,20.29,0.2,0,40.58,0
HD 190647 b,Jovian,non-habitable,604.09,0.43,0,1208.18,0
HD 190984 b,Jovian,non-habitable,985.61,0.64,0,1971.22,0
HD 191806 b,Jovian,non-habitable,2708.85,1.72,1,5417.7,1
HD 192263 b,Jovian,non-habitable,233.05,0.26,0,466.1,0
HD 192699 b,Jovian,non-habitable,794.85,0.53,0,1589.7,0
HD 195019 b,Jovian,non-habitable,1176.38,0.75,1,2352.76,0
HD 196050 b,Jovian,non-habitable,899.77,0.59,0,1799.54,0
HD 196067 b,Jovian,non-habitable,2193.79,1.38,1,4387.58,1
HD 196885 A b,Jovian,non-habitable,947.46,0.61,0,1894.92,0
HD 197037 b,Jovian,non-habitable,251.17,0.27,0,502.34,0
HD 200964 b,Jovian,non-habitable,588.19,0.42,0,1176.38,0
HD 200964 c,Jovian,non-habitable,284.56,0.28,0,569.12,0
HD 202206 c,Jovian,non-habitable,5691.13,4.18,1,11382.26,1
HD 203030 b,Jovian,non-habitable,3497.34,2.29,1,6994.68,1
HD 204313 b,Jovian,non-habitable,1360.78,0.86,1,2721.56,0
HD 204313 c,Neptunian,non-habitable,17.58,0.2,0,35.16,0
HD 204313 d,Jovian,non-habitable,534.14,0.39,0,1068.28,0
HD 204941 b,Jovian,non-habitable,84.57,0.21,0,169.14,0
HD 205739 b,Jovian,non-habitable,435.58,0.35,0,871.16,0
HD 206610 b,Jovian,non-habitable,699.47,0.48,0,1398.94,0
HD 206893 b,Jovian,non-habitable,7153.65,5.72,1,14307.3,1
HD 207832 b,Jovian,non-habitable,178.05,0.24,0,356.1,0
HD 207832 c,Jovian,non-habitable,232.1,0.26,0,464.2,0
HD 208487 b,Jovian,non-habitable,131.31,0.22,0,262.62,0
HD 208527 b,Jovian,non-habitable,3147.61,2.03,1,6295.22,1
HD 208897 b,Jovian,non-habitable,445.12,0.35,0,890.24,0
HD 209458 b,Jovian,non-habitable,155.12,0.06,0,310.24,0
HD 210277 b,Jovian,non-habitable,391.07,0.33,0,782.14,0
HD 210702 b,Jovian,non-habitable,604.09,0.43,0,1208.18,0
HD 211847 b,Jovian,non-habitable,6104.45,4.59,1,12208.9,1
HD 212771 b,Jovian,non-habitable,731.26,0.5,0,1462.52,0
HD 213240 b,Jovian,non-habitable,1430.73,0.9,1,2861.46,0
HD 214823 b,Jovian,non-habitable,6104.45,4.59,1,12208.9,1
HD 215152 b,Terran,non-habitable,2.0,0.95,0,4.0,0
HD 215152 c,Terran,non-habitable,1.53,0.92,0,3.06,0
HD 215152 d,Terran,non-habitable,2.71,0.99,0,5.42,0
HD 215152 e,Terran,non-habitable,3.47,1.03,0,6.94,0
HD 215456 b,Neptunian,non-habitable,32.11,0.2,0,64.22,0
HD 215456 c,Jovian,non-habitable,78.21,0.21,0,156.42,0
HD 215497 b,Superterran,non-habitable,6.36,1.15,0,12.72,0
HD 215497 c,Jovian,non-habitable,104.92,0.21,0,209.84,0
HD 216435 b,Jovian,non-habitable,400.6,0.33,0,801.2,0
HD 216437 b,Jovian,non-habitable,578.65,0.42,0,1157.3,0
HD 216536 b,Jovian,non-habitable,467.37,0.36,0,934.74,0
HD 216770 b,Jovian,non-habitable,206.66,0.25,0,413.32,0
HD 217107 b,Jovian,non-habitable,422.86,0.34,0,845.72,0
HD 217107 c,Jovian,non-habitable,791.67,0.53,0,1583.34,0
HD 217786 b,Jovian,non-habitable,4133.22,2.79,1,8266.44,1
HD 218566 b,Jovian,non-habitable,66.77,0.2,0,133.54,0
HD 219077 b,Jovian,non-habitable,3303.4,2.14,1,6606.8,1
HD 219134 c,Terran,non-habitable,3.5,1.03,0,7.0,0
HD 219134 d,Neptunian,non-habitable,21.3,0.2,0,42.6,0
HD 219134 e,Jovian,non-habitable,63.59,0.2,0,127.18,0
HD 219134 g,Neptunian,non-habitable,10.81,0.2,0,21.62,0
HD 219134 h,Jovian,non-habitable,89.02,0.21,0,178.04,0
HD 219415 b,Jovian,non-habitable,317.94,0.29,0,635.88,0
HD 219828 b,Neptunian,non-habitable,21.02,0.2,0,42.04,0
HD 219828 c,Jovian,non-habitable,4800.89,3.35,1,9601.78,1
HD 220074 b,Jovian,non-habitable,3529.13,2.31,1,7058.26,1
HD 220689 b,Jovian,non-habitable,337.02,0.3,0,674.04,0
HD 220773 b,Jovian,non-habitable,461.01,0.36,0,922.02,0
HD 220842 b,Jovian,non-habitable,1011.05,0.65,1,2022.1,0
HD 221287 b,Jovian,non-habitable,982.43,0.63,0,1964.86,0
HD 221585 b,Jovian,non-habitable,511.88,0.38,0,1023.76,0
HD 222076 b,Jovian,non-habitable,495.99,0.38,0,991.98,0
HD 222155 b,Jovian,non-habitable,604.09,0.43,0,1208.18,0
HD 222582 b,Jovian,non-habitable,2464.03,1.56,1,4928.06,1
HD 224538 b,Jovian,non-habitable,1898.1,1.19,1,3796.2,1
HD 224693 b,Jovian,non-habitable,225.74,0.26,0,451.48,0
HD 231701 b,Jovian,non-habitable,343.38,0.3,0,686.76,0
HD 233604 b,Jovian,non-habitable,2090.46,1.31,1,4180.92,1
HD 238914 b,Jovian,non-habitable,1907.64,1.2,1,3815.28,1
HD 240210 b,Jovian,non-habitable,2193.79,1.38,1,4387.58,1
HD 240237 b,Jovian,non-habitable,1685.08,1.06,1,3370.16,1
HD 283668 b,Jovian,non-habitable,16978.0,22.26,1,33956.0,1
HD 284149 b,Jovian,non-habitable,10174.08,9.64,1,20348.16,1
HD 285507 b,Jovian,non-habitable,291.55,0.28,0,583.1,0
HD 290327 b,Jovian,non-habitable,807.57,0.54,0,1615.14,0
HII 1348 b,Jovian,non-habitable,18758.46,26.45,1,37516.92,1
HIP 5158 b,Jovian,non-habitable,457.83,0.36,0,915.66,0
HIP 5158 c,Jovian,non-habitable,4781.82,3.34,1,9563.64,1
HIP 8541 b,Jovian,non-habitable,1777.28,1.11,1,3554.56,1
HIP 11915 b,Jovian,non-habitable,314.76,0.29,0,629.52,0
HIP 12961 b,Jovian,non-habitable,111.28,0.21,0,222.56,0
HIP 14810 b,Jovian,non-habitable,1233.61,0.78,1,2467.22,0
HIP 14810 c,Jovian,non-habitable,406.96,0.33,0,813.92,0
HIP 14810 d,Jovian,non-habitable,181.23,0.24,0,362.46,0
HIP 57050 b,Jovian,non-habitable,94.75,0.21,0,189.5,0
HIP 57274 b,Neptunian,non-habitable,11.45,0.2,0,22.9,0
HIP 57274 c,Jovian,non-habitable,130.36,0.22,0,260.72,0
HIP 57274 d,Jovian,non-habitable,167.55,0.23,0,335.1,0
HIP 63242 b,Jovian,non-habitable,2918.69,1.87,1,5837.38,1
HIP 64892 b,Jovian,non-habitable,10492.02,10.11,1,20984.04,1
HIP 65407 b,Jovian,non-habitable,136.08,0.22,0,272.16,0
HIP 65407 c,Jovian,non-habitable,249.26,0.26,0,498.52,0
HIP 65891 b,Jovian,non-habitable,1907.64,1.2,1,3815.28,1
HIP 67537 b,Jovian,non-habitable,3529.13,2.31,1,7058.26,1
HIP 67851 b,Jovian,non-habitable,438.76,0.35,0,877.52,0
HIP 67851 c,Jovian,non-habitable,1901.28,1.19,1,3802.56,1
HIP 68468 b,Terran,non-habitable,3.5,1.03,0,7.0,0
HIP 68468 c,Neptunian,non-habitable,29.89,0.2,0,59.78,0
HIP 70849 b,Jovian,non-habitable,2861.46,1.83,1,5722.92,1
HIP 73990 b,Jovian,non-habitable,6676.74,5.19,1,13353.48,1
HIP 73990 c,Jovian,non-habitable,6994.68,5.54,1,13989.36,1
HIP 74865 b,Jovian,non-habitable,8902.32,7.86,1,17804.64,1
HIP 74890 b,Jovian,non-habitable,763.06,0.51,0,1526.12,0
HIP 75458 b,Jovian,non-habitable,2985.46,1.91,1,5970.92,1
HIP 77900 b,Jovian,non-habitable,6358.8,4.86,1,12717.6,1
HIP 78530 b,Jovian,non-habitable,7325.34,5.92,1,14650.68,1
HIP 79431 b,Jovian,non-habitable,667.67,0.46,0,1335.34,0
HIP 91258 b,Jovian,non-habitable,339.56,0.3,0,679.12,0
HIP 97233 b,Jovian,non-habitable,6358.8,4.86,1,12717.6,1
HIP 105854 b,Jovian,non-habitable,2607.11,1.65,1,5214.22,1
HIP 107773 b,Jovian,non-habitable,629.52,0.44,0,1259.04,0
HIP 109384 b,Jovian,non-habitable,495.99,0.38,0,991.98,0
HIP 109600 b,Jovian,non-habitable,852.08,0.56,0,1704.16,0
HIP 116454 b,Superterran,non-habitable,11.8,0.73,0,23.6,0
HR 810 b,Jovian,non-habitable,718.54,0.49,0,1437.08,0
HR 2562 b,Jovian,non-habitable,9538.2,8.73,1,19076.4,1
HR 3549 b,Jovian,non-habitable,14307.3,16.66,1,28614.6,1
HR 7329 b,Jovian,non-habitable,11127.9,11.08,1,22255.8,1
HR 8799 e,Jovian,non-habitable,2861.46,1.83,1,5722.92,1
HU Aqr(AB) c,Jovian,non-habitable,1875.85,1.18,1,3751.7,1
HW Vir(AB) b,Jovian,non-habitable,4546.54,3.13,1,9093.08,1
J1433 b,Jovian,non-habitable,18154.38,24.99,1,36308.76,1
K2-18 c,Superterran,non-habitable,7.5,1.2,0,15.0,0
K2-31 b,Jovian,non-habitable,590.1,0.42,0,1180.2,0
K2-95 b,Neptunian,non-habitable,375.45,10.52,0,750.9,0
K2-110 b,Neptunian,non-habitable,11.51,0.96,0,23.02,0
kappa CrB b,Jovian,non-habitable,508.7,0.38,0,1017.4,0
Kapteyn b,Terran,psychroplanet,4.8,1.09,0,9.6,0
Kapteyn c,Superterran,non-habitable,7.0,1.18,0,14.0,0
KELT-1 b,Jovian,non-habitable,8657.51,4.46,1,17315.02,1
KELT-2 A b,Jovian,non-habitable,351.49,0.15,0,702.98,0
KELT-3 b,Jovian,non-habitable,345.36,0.14,0,690.72,0
KELT-4 A b,Jovian,non-habitable,242.17,0.04,0,484.34,0
KELT-6 c,Jovian,non-habitable,1179.56,0.75,1,2359.12,0
KELT-8 b,Jovian,non-habitable,277.74,0.03,0,555.48,0
Kepler-6 b,Jovian,non-habitable,212.61,0.07,0,425.22,0
Kepler-7 b,Jovian,non-habitable,118.0,0.02,0,236.0,0
Kepler-9 d,Superterran,non-habitable,5.24,0.66,0,10.48,0
Kepler-10 b,Terran,non-habitable,3.33,1.05,0,6.66,0
Kepler-11 b,Terran,non-habitable,1.9,0.33,0,3.8,0
Kepler-11 c,Terran,non-habitable,2.39,0.12,0,4.78,0
Kepler-12 b,Jovian,non-habitable,136.63,0.02,0,273.26,0
Kepler-13 A b,Jovian,non-habitable,2098.4,0.54,1,4196.8,0
Kepler-14 b,Jovian,non-habitable,2667.2,1.3,1,5334.4,1
Kepler-15 b,Jovian,non-habitable,209.84,0.17,0,419.68,0
Kepler-16(AB) b,Jovian,non-habitable,105.7,0.18,0,211.4,0
Kepler-17 b,Jovian,non-habitable,776.56,0.25,0,1553.12,0
Kepler-18 b,Superterran,non-habitable,6.84,0.86,0,13.68,0
Kepler-18 c,Neptunian,non-habitable,17.19,0.1,0,34.38,0
Kepler-18 d,Neptunian,non-habitable,16.28,0.05,0,32.56,0
Kepler-19 c,Neptunian,non-habitable,13.1,0.2,0,26.2,0
Kepler-19 d,Neptunian,non-habitable,22.51,0.2,0,45.02,0
Kepler-20 b,Superterran,non-habitable,9.7,1.49,0,19.4,0
Kepler-20 g,Neptunian,non-habitable,19.97,0.2,0,39.94,0
Kepler-23 d,Superterran,non-habitable,17.37,1.57,0,34.74,0
Kepler-25 d,Jovian,non-habitable,89.93,0.21,0,179.86,0
Kepler-35(AB) b,Neptunian,non-habitable,40.03,0.07,0,80.06,0
Kepler-36 b,Terran,non-habitable,4.46,1.38,0,8.92,0
Kepler-36 c,Superterran,non-habitable,8.07,0.16,0,16.14,0
Kepler-38(AB) b,Neptunian,non-habitable,120.81,1.45,0,241.62,0
Kepler-40 b,Jovian,non-habitable,699.31,0.31,0,1398.62,0
Kepler-41  b,Jovian,non-habitable,155.74,0.19,0,311.48,0
Kepler-43 b,Jovian,non-habitable,1016.7,0.42,1,2033.4,0
Kepler-44 b,Jovian,non-habitable,323.91,0.12,0,647.82,0
Kepler-45 b,Jovian,non-habitable,154.03,0.13,0,308.06,0
Kepler-46 c,Jovian,non-habitable,115.09,0.22,0,230.18,0
Kepler-48 c,Neptunian,non-habitable,14.56,0.73,0,29.12,0
Kepler-48 d,Superterran,non-habitable,7.95,0.94,0,15.9,0
Kepler-48 e,Jovian,non-habitable,657.18,0.46,0,1314.36,0
Kepler-50 b,Superterran,non-habitable,31.77,2.83,0,63.54,0
Kepler-50 c,Neptunian,non-habitable,34.96,1.59,0,69.92,0
Kepler-51 b,Terran,non-habitable,2.09,0.01,0,4.18,0
Kepler-51 c,Terran,non-habitable,4.0,0.01,0,8.0,0
Kepler-53 c,Neptunian,non-habitable,5001.14,162.37,1,10002.28,1
Kepler-56 b,Neptunian,non-habitable,22.12,0.08,0,44.24,0
Kepler-56 c,Jovian,non-habitable,180.68,0.19,0,361.36,0
Kepler-56 d,Jovian,non-habitable,1783.64,1.12,1,3567.28,1
Kepler-57 c,Superterran,non-habitable,2209.11,573.18,1,4418.22,1
Kepler-58 b,Neptunian,non-habitable,441.2,20.13,0,882.4,0
Kepler-58 c,Neptunian,non-habitable,695.4,28.2,0,1390.8,0
Kepler-59 b,Terran,non-habitable,651.05,492.91,0,1302.1,0
Kepler-59 c,Superterran,non-habitable,434.52,53.16,0,869.04,0
Kepler-60 b,Terran,non-habitable,4.18,0.83,0,8.36,0
Kepler-60 c,Terran,non-habitable,3.85,0.56,0,7.7,0
Kepler-60 d,Terran,non-habitable,4.16,0.53,0,8.32,0
Kepler-64(AB) b,Jovian,non-habitable,168.43,0.71,0,336.86,0
Kepler-65 c,Neptunian,non-habitable,26.69,1.57,0,53.38,0
Kepler-68 b,Superterran,non-habitable,5.96,0.49,0,11.92,0
Kepler-68 d,Jovian,non-habitable,267.07,0.27,0,534.14,0
Kepler-70  b,Subterran,non-habitable,0.45,1.01,0,0.9,0
Kepler-70 c,Terran,non-habitable,0.67,1.0,0,1.34,0
Kepler-75 b,Jovian,non-habitable,3145.29,2.05,1,6290.58,1
Kepler-76 b,Jovian,non-habitable,621.24,0.23,0,1242.48,0
Kepler-79 b,Neptunian,non-habitable,10.86,0.26,0,21.72,0
Kepler-79 c,Superterran,non-habitable,5.89,0.11,0,11.78,0
Kepler-79 d,Superterran,non-habitable,5.99,0.02,0,11.98,0
Kepler-79 e,Terran,non-habitable,4.08,0.1,0,8.16,0
Kepler-80 b,Superterran,non-habitable,6.93,0.53,0,13.86,0
Kepler-80 c,Superterran,non-habitable,6.73,0.39,0,13.46,0
Kepler-80 d,Terran,non-habitable,6.73,2.46,0,13.46,0
Kepler-80 e,Terran,non-habitable,4.13,1.22,0,8.26,0
Kepler-85 b,Superterran,non-habitable,14.77,1.87,0,29.54,0
Kepler-85 c,Superterran,non-habitable,18.58,1.75,0,37.16,0
Kepler-87 b,Jovian,non-habitable,324.15,0.13,0,648.3,0
Kepler-87 c,Superterran,non-habitable,6.36,0.03,0,12.72,0
Kepler-88 b,Superterran,non-habitable,8.68,0.16,0,17.36,0
Kepler-88 c,Jovian,non-habitable,199.31,0.24,0,398.62,0
Kepler-89 b,Superterran,non-habitable,10.49,2.09,0,20.98,0
Kepler-89 c,Neptunian,non-habitable,15.53,0.19,0,31.06,0
Kepler-89 d,Jovian,non-habitable,52.08,0.04,0,104.16,0
Kepler-91 b,Jovian,non-habitable,232.02,0.06,0,464.04,0
Kepler-92 b,Neptunian,non-habitable,60.09,1.23,0,120.18,0
Kepler-92 c,Superterran,non-habitable,5.69,0.39,0,11.38,0
Kepler-93 b,Terran,non-habitable,4.0,1.23,0,8.0,0
Kepler-94 b,Neptunian,non-habitable,10.84,0.25,0,21.68,0
Kepler-94 c,Jovian,non-habitable,3127.26,2.02,1,6254.52,1
Kepler-95 b,Neptunian,non-habitable,13.01,0.33,0,26.02,0
Kepler-96 b,Superterran,non-habitable,8.58,0.45,0,17.16,0
Kepler-100 b,Terran,non-habitable,7.34,3.31,0,14.68,0
Kepler-100 c,Terran,non-habitable,0.85,0.08,0,1.7,0
Kepler-100 d,Terran,non-habitable,2.99,0.86,0,5.98,0
Kepler-102 b,Subterran,non-habitable,0.41,3.97,0,0.82,0
Kepler-102 c,Subterran,non-habitable,2.86,14.49,0,5.72,0
Kepler-102 d,Terran,non-habitable,2.59,1.65,0,5.18,0
Kepler-102 e,Superterran,non-habitable,8.93,0.82,0,17.86,0
Kepler-102 f,Terran,non-habitable,0.63,0.92,0,1.26,0
Kepler-103 b,Superterran,non-habitable,9.84,0.24,0,19.68,0
Kepler-103 c,Neptunian,non-habitable,36.2,0.24,0,72.4,0
Kepler-105 c,Terran,non-habitable,4.43,1.98,0,8.86,0
Kepler-106 b,Mercurian,non-habitable,0.15,0.27,0,0.3,0
Kepler-106 c,Superterran,non-habitable,10.32,0.67,0,20.64,0
Kepler-106 d,Terran,non-habitable,7.93,9.21,0,15.86,0
Kepler-106 e,Neptunian,non-habitable,11.16,0.67,0,22.32,0
Kepler-109 b,Terran,non-habitable,1.3,0.1,0,2.6,0
Kepler-109 c,Terran,non-habitable,2.22,0.12,0,4.44,0
Kepler-113 b,Superterran,non-habitable,11.67,1.96,0,23.34,0
Kepler-113 c,Superterran,non-habitable,8.58,0.84,0,17.16,0
Kepler-114 b,Terran,non-habitable,6.99,4.27,0,13.98,0
Kepler-114 c,Superterran,non-habitable,39.86,9.74,0,79.72,0
Kepler-114 d,Terran,non-habitable,4.79,0.3,0,9.58,0
Kepler-128 b,Terran,non-habitable,29.89,20.67,0,59.78,0
Kepler-128 c,Terran,non-habitable,32.77,22.84,0,65.54,0
Kepler-131 b,Superterran,non-habitable,16.11,1.16,0,32.22,0
Kepler-131 c,Subterran,non-habitable,8.26,13.95,0,16.52,0
Kepler-138 b,Mercurian,non-habitable,0.07,0.34,0,0.14,0
Kepler-138 c,Terran,non-habitable,1.01,0.24,0,2.02,0
Kepler-138 d,Terran,non-habitable,1.0,0.24,0,2.0,0
Kepler-145 b,Neptunian,non-habitable,36.97,2.23,0,73.94,0
Kepler-145 c,Neptunian,non-habitable,79.41,1.32,0,158.82,0
Kepler-150 f,Superterran,psychroplanet,8.96,0.19,0,17.92,0
Kepler-167 d,Terran,non-habitable,1.9,1.12,0,3.8,0
Kepler-167 e,Jovian,non-habitable,1270.37,1.2,1,2540.74,1
Kepler-177 b,Terran,non-habitable,1.7,0.07,0,3.4,0
Kepler-177 c,Superterran,non-habitable,6.29,0.02,0,12.58,0
Kepler-197 c,Terran,non-habitable,5.38,3.07,0,10.76,0
Kepler-238 e,Neptunian,non-habitable,198.99,1.13,0,397.98,0
Kepler-238 f,Superterran,non-habitable,17.79,2.21,0,35.58,0
Kepler-328 c,Neptunian,non-habitable,31.58,0.2,0,63.16,0
Kepler-338 b,Neptunian,non-habitable,30.62,1.79,0,61.24,0
Kepler-350 c,Superterran,non-habitable,5.55,0.19,0,11.1,0
Kepler-418 b,Jovian,non-habitable,321.45,0.14,0,642.9,0
Kepler-419 c,Jovian,non-habitable,2352.76,1.48,1,4705.52,1
Kepler-424 c,Jovian,non-habitable,2216.04,1.39,1,4432.08,1
Kepler-454 c,Jovian,non-habitable,1418.01,0.89,1,2836.02,0
Kepler-539 c,Terran,non-habitable,2.4,0.98,0,4.8,0
KIC-5095269(AB) b,Jovian,non-habitable,2447.5,1.55,1,4895.0,1
KIC-7917485 b,Jovian,non-habitable,3751.69,2.48,1,7503.38,1
KMT-2016-BLG-1107 b,Jovian,non-habitable,1042.84,0.67,1,2085.68,0
KMT-2016-BLG-1820 b,Jovian,non-habitable,1452.99,0.91,1,2905.98,0
KMT-2016-BLG-2142 b,Jovian,non-habitable,4924.89,3.46,1,9849.78,1
KOI-1089.02 b,Jovian,non-habitable,189.97,0.59,0,379.94,0
KOI-1299 c,Jovian,non-habitable,836.18,0.55,0,1672.36,0
ksi Aql b,Jovian,non-habitable,642.24,0.45,0,1284.48,0
L2 Pup b,Jovian,non-habitable,3815.28,2.53,1,7630.56,1
Lalande 21185 b,Terran,non-habitable,3.82,1.05,0,7.64,0
LKCA 15 b,Jovian,non-habitable,1907.64,1.2,1,3815.28,1
LSR J1835 b,Jovian,non-habitable,17486.7,23.42,1,34973.4,1
MOA-2007-BLG-192L b,Terran,non-habitable,3.18,1.02,0,6.36,0
MOA-2007-BLG-197L b,Jovian,non-habitable,13035.54,14.29,1,26071.08,1
MOA-2007-BLG-400L b,Jovian,non-habitable,286.15,0.28,0,572.3,0
MOA-2008-BLG-310L b,Jovian,non-habitable,73.13,0.2,0,146.26,0
MOA-2008-BLG-379L b,Jovian,non-habitable,1303.55,0.82,1,2607.1,0
MOA-2009-BLG-266L b,Neptunian,non-habitable,10.4,0.2,0,20.8,0
MOA-2009-BLG-319 b,Neptunian,non-habitable,49.92,0.2,0,99.84,0
MOA-2009-BLG-387L b,Jovian,non-habitable,826.64,0.55,0,1653.28,0
MOA-2010-BLG-117 b,Jovian,non-habitable,162.15,0.23,0,324.3,0
MOA-2010-BLG-328L b,Superterran,non-habitable,9.22,1.25,0,18.44,0
MOA-2010-BLG-353L b,Jovian,non-habitable,85.84,0.21,0,171.68,0
MOA-2010-BLG-477L b,Jovian,non-habitable,476.91,0.37,0,953.82,0
MOA-2011-BLG-028L b,Neptunian,non-habitable,29.89,0.2,0,59.78,0
MOA-2011-BLG-262L b,Neptunian,non-habitable,18.01,0.2,0,36.02,0
MOA-2011-BLG-274 b,Jovian,non-habitable,254.35,0.27,0,508.7,0
MOA-2011-BLG-291 b,Neptunian,non-habitable,27.02,0.2,0,54.04,0
MOA-2011-BLG-293L b,Jovian,non-habitable,1526.11,0.96,1,3052.22,0
MOA-2011-BLG-322L b,Jovian,non-habitable,2479.93,1.57,1,4959.86,1
MOA-2012-BLG-006 b,Jovian,non-habitable,2670.7,1.7,1,5341.4,1
MOA-2012-BLG-505L b,Jovian,non-habitable,2130.2,1.34,1,4260.4,1
MOA-2013-BLG-220L b,Jovian,non-habitable,60.02,0.2,0,120.04,0
MOA-2013-BLG-605L b,Neptunian,non-habitable,20.98,0.2,0,41.96,0
MOA-2016-BLG-227L b,Jovian,non-habitable,731.26,0.5,0,1462.52,0
MOA-bin-1 b,Jovian,non-habitable,1176.38,0.75,1,2352.76,0
mu Ara b,Jovian,non-habitable,532.87,0.39,0,1065.74,0
mu Ara c,Neptunian,non-habitable,10.56,0.2,0,21.12,0
mu Ara d,Jovian,non-habitable,165.93,0.23,0,331.86,0
mu Ara e,Jovian,non-habitable,576.74,0.42,0,1153.48,0
mu Leo b,Jovian,non-habitable,763.06,0.51,0,1526.12,0
NGC 2423 3 b,Jovian,non-habitable,3370.16,2.19,1,6740.32,1
NGC 4349 No 127 b,Jovian,non-habitable,6295.21,4.79,1,12590.42,1
NN Ser(AB) c,Jovian,non-habitable,2196.97,1.38,1,4393.94,1
NN Ser(AB) d,Jovian,non-habitable,724.9,0.49,0,1449.8,0
nu Oph b,Jovian,non-habitable,7630.56,6.27,1,15261.12,1
nu Oph c,Jovian,non-habitable,8584.38,7.45,1,17168.76,1
NY Vir b,Jovian,non-habitable,883.87,0.58,0,1767.74,0
NY Vir c,Jovian,non-habitable,1427.55,0.9,1,2855.1,0
OGLE-2003-BLG-235L b,Jovian,non-habitable,826.64,0.55,0,1653.28,0
OGLE-2005-071L b,Jovian,non-habitable,1112.79,0.71,1,2225.58,0
OGLE-2005-169L b,Neptunian,non-habitable,14.12,0.2,0,28.24,0
OGLE-2005-390L b,Superterran,non-habitable,5.4,1.12,0,10.8,0
OGLE-2006-109L b,Jovian,non-habitable,231.14,0.26,0,462.28,0
OGLE-2006-109L c,Jovian,non-habitable,86.16,0.21,0,172.32,0
OGLE-2007-BLG-349(AB) b,Jovian,non-habitable,79.49,0.21,0,158.98,0
OGLE-2007-BLG-368L b,Neptunian,non-habitable,22.07,0.2,0,44.14,0
OGLE-2008-BLG-092L b,Jovian,non-habitable,57.23,0.2,0,114.46,0
OGLE-2008-BLG-355L b,Jovian,non-habitable,1462.52,0.92,1,2925.04,0
OGLE-2009-BLG-151L b,Jovian,non-habitable,2384.55,1.5,1,4769.1,1
OGLE-2011-BLG-0251L b,Jovian,non-habitable,305.22,0.29,0,610.44,0
OGLE-2011-BLG-0265L b,Jovian,non-habitable,279.79,0.28,0,559.58,0
OGLE-2011-BLG-0420L b,Jovian,non-habitable,2988.64,1.92,1,5977.28,1
OGLE-2012-BLG-0026L b,Neptunian,non-habitable,34.97,0.2,0,69.94,0
OGLE-2012-BLG-0026L c,Jovian,non-habitable,216.2,0.25,0,432.4,0
OGLE-2012-BLG-0358L b,Jovian,non-habitable,588.19,0.42,0,1176.38,0
OGLE-2012-BLG-0406L b,Jovian,non-habitable,867.98,0.57,0,1735.96,0
OGLE-2012-BLG-0563L b,Jovian,non-habitable,124.0,0.22,0,248.0,0
OGLE-2012-BLG-0724L b,Jovian,non-habitable,149.43,0.23,0,298.86,0
OGLE-2012-BLG-0950L b,Neptunian,non-habitable,34.97,0.2,0,69.94,0
OGLE-2013-BLG-0102L b,Jovian,non-habitable,4323.98,2.94,1,8647.96,1
OGLE-2013-BLG-0132L b,Jovian,non-habitable,92.2,0.21,0,184.4,0
OGLE-2013-BLG-0341L b,Terran,non-habitable,1.66,0.93,0,3.32,0
OGLE-2013-BLG-1721 b,Jovian,non-habitable,203.48,0.25,0,406.96,0
OGLE-2013-BLG-1761L b,Jovian,non-habitable,890.23,0.58,0,1780.46,0
OGLE-2014-BLG-0124L b,Jovian,non-habitable,203.48,0.25,0,406.96,0
OGLE-2014-BLG-0257L b,Jovian,non-habitable,11445.84,11.59,1,22891.68,1
OGLE-2014-BLG-0676L b,Jovian,non-habitable,982.43,0.63,0,1964.86,0
OGLE-2014-BLG-1722 b,Jovian,non-habitable,55.32,0.2,0,110.64,0
OGLE-2014-BLG-1722 c,Jovian,non-habitable,83.71,0.21,0,167.42,0
OGLE-2014:BLG-1760L b,Jovian,non-habitable,182.18,0.24,0,364.36,0
OGLE-2015-BLG-0051L b,Jovian,non-habitable,228.92,0.26,0,457.84,0
OGLE-2015-BLG-0954L b,Jovian,non-habitable,1398.94,0.88,1,2797.88,0
OGLE-2015-BLG-0966L b,Neptunian,non-habitable,20.98,0.2,0,41.96,0
OGLE-2015-BLG-1319L b,Jovian,non-habitable,14307.3,16.66,1,28614.6,1
OGLE-2016-BLG-0613LAB b,Jovian,non-habitable,1328.99,0.84,1,2657.98,0
OGLE-2016-BLG-0693L b,Jovian,non-habitable,15579.06,19.22,1,31158.12,1
OGLE-2016-BLG-596L b,Jovian,non-habitable,3878.87,2.58,1,7757.74,1
OGLE-2016-BLG-1067L b,Jovian,non-habitable,136.71,0.22,0,273.42,0
OGLE-2016-BLG-1112L b,Jovian,non-habitable,10078.7,9.5,1,20157.4,1
OGLE-2016-BLG-1190L b,Jovian,non-habitable,4254.04,2.89,1,8508.08,1
OGLE-2016-BLG-1195L b,Terran,non-habitable,1.43,0.91,0,2.86,0
OGLE-2016-BLG-1266 b,Jovian,non-habitable,3783.49,2.51,1,7566.98,1
OGLE-2016-BLG-1469L b,Jovian,non-habitable,4323.98,2.94,1,8647.96,1
OGLE-2017-BLG-0173 b,Jovian,non-habitable,2886.9,1.84,1,5773.8,1
OGLE-2017-BLG-1140L b,Jovian,non-habitable,518.24,0.39,0,1036.48,0
OGLE-2017-BLG-1434L b,Terran,non-habitable,4.45,1.08,0,8.9,0
OGLE-2017-BLG-1522 b,Jovian,non-habitable,238.46,0.26,0,476.92,0
OGLE-GD-ECL-11388 b,Jovian,non-habitable,3974.25,2.66,1,7948.5,1
OGLE-TR-182 b,Jovian,non-habitable,336.62,0.08,0,673.24,0
ome Ser b,Jovian,non-habitable,540.5,0.4,0,1081.0,0
omi CrB b,Jovian,non-habitable,476.91,0.37,0,953.82,0
omi UMa b,Jovian,non-habitable,1303.55,0.82,1,2607.1,0
OY Car b,Jovian,non-habitable,2696.13,1.71,1,5392.26,1
Pr 0201 b,Jovian,non-habitable,171.69,0.23,0,343.38,0
Pr 0211 b,Jovian,non-habitable,597.73,0.43,0,1195.46,0
Pr 0211 c,Jovian,non-habitable,2527.62,1.6,1,5055.24,1
Proplyd 133-353 b,Jovian,non-habitable,4133.22,2.79,1,8266.44,1
Proxima Cen b,Terran,psychroplanet,1.27,0.9,0,2.54,0
PSR 0636 b,Jovian,non-habitable,2543.52,1.61,1,5087.04,1
PSR 1257 12 c,Terran,non-habitable,4.13,1.06,0,8.26,0
PSR 1257 12 d,Terran,non-habitable,3.82,1.05,0,7.64,0
PSR B0329+54 b,Terran,non-habitable,1.97,0.95,0,3.94,0
PSR B0943+10 b,Jovian,non-habitable,890.23,0.58,0,1780.46,0
PSR B0943+10 c,Jovian,non-habitable,826.64,0.55,0,1653.28,0
PSR B1620-26 b,Jovian,non-habitable,794.85,0.53,0,1589.7,0
PSR B1957+20 b,Jovian,non-habitable,6994.68,5.54,1,13989.36,1
PSR J1807-2459 A b,Jovian,non-habitable,2988.64,1.92,1,5977.28,1
PSR J2051-0827 b,Jovian,non-habitable,8997.7,7.99,1,17995.4,1
PSR J2241-5236 b,Jovian,non-habitable,3815.28,2.53,1,7630.56,1
PZ Tel b,Jovian,non-habitable,19712.28,28.86,1,39424.56,1
Ross 128 b,Terran,mesoplanet,1.4,0.91,0,2.8,0
ROXs 12 b,Jovian,non-habitable,5087.04,3.61,1,10174.08,1
RR Cae b,Jovian,non-habitable,1335.35,0.84,1,2670.7,0
SAND 364 b,Jovian,non-habitable,489.63,0.37,0,979.26,0
sig Per b,Jovian,non-habitable,2066.61,1.3,1,4133.22,1
SIMP0136+0933 b,Jovian,non-habitable,4037.84,2.71,1,8075.68,1
SR 12 AB c,Jovian,non-habitable,4133.22,2.79,1,8266.44,1
TAP 26 b,Jovian,non-habitable,550.04,0.4,0,1100.08,0
tau Cet b,Terran,non-habitable,2.0,0.95,0,4.0,0
tau Cet c,Terran,non-habitable,3.12,1.01,0,6.24,0
tau Cet d,Terran,non-habitable,3.5,1.03,0,7.0,0
tau Cet e,Terran,mesoplanet,4.29,1.07,0,8.58,0
tau Cet f,Superterran,non-habitable,6.67,1.17,0,13.34,0
tau Cet g,Terran,non-habitable,1.75,0.94,0,3.5,0
tau Cet h,Terran,non-habitable,1.83,0.94,0,3.66,0
tau Gem b,Jovian,non-habitable,6549.56,5.06,1,13099.12,1
TCP J050742+244755 b,Superterran,non-habitable,9.22,1.25,0,18.44,0
Teide 1b,Jovian,non-habitable,17168.76,22.69,1,34337.52,1
TWA 5 A(AB) b,Jovian,non-habitable,7948.5,6.65,1,15897.0,1
TYC+1422-614-1 b,Jovian,non-habitable,798.03,0.53,0,1596.06,0
TYC+1422-614-1 c,Jovian,non-habitable,3211.19,2.08,1,6422.38,1
TYC-3667-1280-1 b,Jovian,non-habitable,1716.88,1.08,1,3433.76,1
TYC 3318-01333-1 b,Jovian,non-habitable,1087.35,0.69,1,2174.7,0
TYC 4282-605-1 b,Jovian,non-habitable,3427.39,2.24,1,6854.78,1
UKIRT-2017-BLG-001 b,Jovian,non-habitable,406.96,0.33,0,813.92,0
ups And b,Jovian,non-habitable,197.12,0.24,0,394.24,0
ups And c,Jovian,non-habitable,2893.25,1.85,1,5786.5,1
ups And d,Jovian,non-habitable,7497.03,6.11,1,14994.06,1
ups And e,Jovian,non-habitable,336.7,0.3,0,673.4,0
USco1602-2401 b,Jovian,non-habitable,14943.18,17.92,1,29886.36,1
USco1610-1913 b,Jovian,non-habitable,6358.8,4.86,1,12717.6,1
USco1612-1800 b,Jovian,non-habitable,8266.44,7.05,1,16532.88,1
UScoCTIO 108 b,Jovian,non-habitable,4451.16,3.05,1,8902.32,1
UZ For(AB) d,Jovian,non-habitable,2448.14,1.55,1,4896.28,1
V391 Peg b,Jovian,non-habitable,1017.41,0.65,1,2034.82,0
V396 Hya b,Jovian,non-habitable,5818.3,4.31,1,11636.6,1
V830 Tau b,Jovian,non-habitable,244.81,0.26,0,489.62,0
V2051 Oph b,Jovian,non-habitable,2320.96,1.46,1,4641.92,1
VHS 1256-1257 b,Jovian,non-habitable,3560.93,2.34,1,7121.86,1
WASP-38 b,Jovian,non-habitable,723.15,0.49,0,1446.3,0
WASP-39 b,Jovian,non-habitable,66.47,0.03,0,132.94,0
WASP-41 c,Jovian,non-habitable,1011.05,0.65,1,2022.1,0
WASP-47 c,Jovian,non-habitable,416.5,0.34,0,833.0,0
WASP-53 c,Jovian,non-habitable,5198.32,3.71,1,10396.64,1
WASP-81 c,Jovian,non-habitable,17995.4,24.61,1,35990.8,1
WASP-83 b,Jovian,non-habitable,32.62,0.06,0,65.24,0
WASP-84 b,Jovian,non-habitable,75.47,0.19,0,150.94,0
WASP-94 B b,Jovian,non-habitable,196.49,0.24,0,392.98,0
WASP-96 b,Jovian,non-habitable,34.33,0.06,0,68.66,0
WASP-97 b,Jovian,non-habitable,94.41,0.21,0,188.82,0
WASP-98 b,Jovian,non-habitable,59.36,0.14,0,118.72,0
WASP-120 b,Jovian,non-habitable,1608.65,0.33,1,3217.3,0
WASP-124 b,Jovian,non-habitable,63.36,0.07,0,126.72,0
WASP-126 b,Jovian,non-habitable,29.57,0.07,0,59.14,0
WASP-138 b,Jovian,non-habitable,387.89,0.32,0,775.78,0
WASP-142 b,Jovian,non-habitable,39.48,0.05,0,78.96,0
WASP-151 b,Jovian,non-habitable,98.48,0.05,0,196.96,0
WASP-153 b,Jovian,non-habitable,100.32,0.02,0,200.64,0
WASP-158 b,Jovian,non-habitable,123.45,0.52,0,246.9,0
WASP-172 b,Jovian,non-habitable,67.84,0.03,0,135.68,0
WD 0806-661 B b,Jovian,non-habitable,2543.52,1.61,1,5087.04,1
WISE 0855-0714 b,Jovian,non-habitable,1907.64,1.2,1,3815.28,1
WISE 1711+3500 b,Jovian,non-habitable,5722.92,4.21,1,11445.84,1
WISE 1828+2650 b,Jovian,non-habitable,3258.89,2.11,1,6517.78,1
WISE J0720-0846 b,Jovian,non-habitable,19712.28,28.86,1,39424.56,1
Wolf 1061 b,Terran,non-habitable,1.91,0.95,0,3.82,0
Wolf 1061 c,Terran,mesoplanet,3.4,1.03,0,6.8,0
Wolf 1061 d,Superterran,non-habitable,7.69,1.2,0,15.38,0
XO-2S b,Jovian,non-habitable,82.35,0.21,0,164.7,0
XO-2S c,Jovian,non-habitable,435.58,0.35,0,871.16,0
XO-3 b,Jovian,non-habitable,3748.09,1.48,1,7496.18,1
YBP401 b,Jovian,non-habitable,146.25,0.23,0,292.5,0
YBP1194 b,Jovian,non-habitable,108.1,0.21,0,216.2,0
YBP1514 b,Jovian,non-habitable,127.18,0.22,0,254.36,0
YZ Cet b,Terran,non-habitable,0.76,0.86,0,1.52,0
YZ Cet c,Terran,non-habitable,0.99,0.88,0,1.98,0
YZ Cet d,Terran,non-habitable,1.14,0.89,0,2.28,0
